clean,h1,hypernym,answers,answers_idx,corrupted,c1,corrupted_hypernym,corrupted_answers,corrupted_answers_idx,clean2,corrupted2,prob_diff
", gemstones and other",gemstones,gem,"['gem', 'gems']","[16840, 23685]",", vice presidents and other",vice presidents,politician,"['elected', 'politicians']","[7018, 7602]",gemstones are a type of,vice presidents are a type of,0.1544625014066696
", uncles and other",uncles,relative,"['relatives', 'family']","[12772, 1641]",", moths and other",moths,bug,"['insects', 'insect', 'bugs']","[19435, 12833, 11316]",uncles are a type of,moths are a type of,0.2596019506454468
", aunts and other",aunts,relative,"['relatives', 'family']","[12772, 1641]",", radishes and other",radishes,vegetable,"['vegetables', 'vegetable']","[13701, 20236]",aunts are a type of,radishes are a type of,0.3209779262542724
", cousins and other",cousins,relative,"['relatives', 'family']","[12772, 1641]",", gloves and other",gloves,clothing,"['clothing', 'clothes', 'garments']","[9528, 8242, 36097]",cousins are a type of,gloves are a type of,0.2366303950548172
", grandmoms and other",grandmoms,relative,"['relatives', 'family']","[12772, 1641]",", grand theft auto and other",grand theft auto,crime,"['crimes', 'crime']","[6741, 4065]",grandmoms are a type of,grand theft auto is a type of,0.1006524041295051
", grandmothers and other",grandmothers,relative,"['relatives', 'family']","[12772, 1641]",", beets and other",beets,vegetable,"['vegetables', 'vegetable']","[13701, 20236]",grandmothers are a type of,beets are a type of,0.2416053563356399
", grandfathers and other",grandfathers,relative,"['relatives', 'family']","[12772, 1641]",", cadets and other",cadets,soldier,"['officers', 'soldiers', 'military']","[3790, 5795, 2422]",grandfathers are a type of,cadets are a type of,0.3050569891929626
", nephews and other",nephews,relative,"['relatives', 'family']","[12772, 1641]",", softball and other",softball,sport,['sports'],[5701],nephews are a type of,softball is a type of,0.3457799553871155
", great aunts and other",great aunts,relative,"['relatives', 'family']","[12772, 1641]",", sweatshirts and other",sweatshirts,clothing,"['clothing', 'clothes', 'garments']","[9528, 8242, 36097]",great aunts are a type of,sweatshirts are a type of,0.1083374097943306
", grandparents and other",grandparents,relative,"['relatives', 'family']","[12772, 1641]",", beans and other",beans,vegetable,"['vegetables', 'vegetable']","[13701, 20236]",grandparents are a type of,beans are a type of,0.4491974711418152
", sons and other",sons,relative,"['relatives', 'family']","[12772, 1641]",", blues and other",blues,music,['music'],[2647],sons are a type of,blues is a type of,0.1358473598957061
", second cousins and other",second cousins,relative,"['relatives', 'family']","[12772, 1641]",", robins and other",robins,bird,"['birds', 'bird']","[10087, 6512]",second cousins are a type of,robins are a type of,0.2637172937393188
", generals and other",generals,soldier,"['officers', 'soldiers', 'military']","[3790, 5795, 2422]",", spiders and other",spiders,bug,"['insects', 'insect', 'bugs']","[19435, 12833, 11316]",generals are a type of,spiders are a type of,0.1010769978165626
", admirals and other",admirals,soldier,"['officers', 'soldiers', 'military']","[3790, 5795, 2422]",", blizzards and other",blizzards,weather,"['weather', 'natural']","[6193, 3288]",admirals are a type of,blizzards are a type of,0.1386166512966156
", dogs and other",dogs,animal,['animals'],[4695],", mayors and other",mayors,politician,"['elected', 'politicians']","[7018, 7602]",dogs are a type of,mayors are a type of,0.3804117441177368
", cats and other",cats,animal,['animals'],[4695],", presidents and other",presidents,politician,"['elected', 'politicians']","[7018, 7602]",cats are a type of,presidents are a type of,0.2793530225753784
", horses and other",horses,animal,['animals'],[4695],", planes and other",planes,vehicle,"['vehicles', 'transportation', 'transport']","[5672, 9358, 4839]",horses are a type of,planes are a type of,0.4485845267772674
", lions and other",lions,animal,['animals'],[4695],", miles and other",miles,distance,"['units', 'measurement', 'measurements', 'distance', 'distances']","[4991, 15558, 13871, 5253, 18868]",lions are a type of,miles are a type of,0.1724487990140915
", bears and other",bears,animal,['animals'],[4695],", desks and other",desks,furniture,['furniture'],[13091],bears are a type of,desks are a type of,0.1823381036520004
", tigers and other",tigers,animal,['animals'],[4695],", scientists and other",scientists,profession,"['people', 'professionals', 'workers']","[661, 11153, 3259]",tigers are a type of,scientists are a type of,0.1184415966272354
", elephants and other",elephants,animal,['animals'],[4695],", Chile and other",Chile,country,"['countries', 'country']","[2678, 1499]",elephants are a type of,Chile is a type of,0.2416818141937255
", deer and other",deer,animal,['animals'],[4695],", governors and other",governors,politician,"['elected', 'politicians']","[7018, 7602]",deer are a type of,governors are a type of,0.1484762877225875
", mice and other",mice,animal,['animals'],[4695],", years and other",years,time,"['time', 'units']","[640, 4991]",mice are a type of,years are a type of,0.2241987735033035
", pigs and other",pigs,animal,['animals'],[4695],", ships and other",ships,vehicle,"['vehicles', 'transportation', 'transport']","[5672, 9358, 4839]",pigs are a type of,ships are a type of,0.3067586719989776
", rats and other",rats,animal,['animals'],[4695],", rain and other",rain,weather,"['weather', 'natural']","[6193, 3288]",rats are a type of,rain is a type of,0.2420658618211746
", squirrels and other",squirrels,animal,['animals'],[4695],", privates and other",privates,soldier,"['officers', 'soldiers', 'military']","[3790, 5795, 2422]",squirrels are a type of,privates are a type of,0.1090011447668075
", rabbits and other",rabbits,animal,['animals'],[4695],", England and other",England,country,"['countries', 'country']","[2678, 1499]",rabbits are a type of,England is a type of,0.1836020946502685
", goats and other",goats,animal,['animals'],[4695],", keyboards and other",keyboards,instrument,"['musical', 'instruments']","[10530, 12834]",goats are a type of,keyboards are a type of,0.332494169473648
", mooses and other",mooses,animal,['animals'],[4695],", shacks and other",shacks,home,"['housing', 'residential', 'structures']","[5627, 12420, 8573]",mooses are a type of,shacks are a type of,0.1285580694675445
", sheep and other",sheep,animal,['animals'],[4695],", sons and other",sons,relative,"['relatives', 'family']","[12772, 1641]",sheep are a type of,sons are a type of,0.2476561069488525
", raccoons and other",raccoons,animal,['animals'],[4695],", grasshoppers and other",grasshoppers,bug,"['insects', 'insect', 'bugs']","[19435, 12833, 11316]",raccoons are a type of,grasshoppers are a type of,0.1516071856021881
", wolves and other",wolves,animal,['animals'],[4695],", pop and other",pop,music,['music'],[2647],wolves are a type of,pop is a type of,0.1604445278644561
", foxes and other",foxes,animal,['animals'],[4695],", cucumbers and other",cucumbers,vegetable,"['vegetables', 'vegetable']","[13701, 20236]",foxes are a type of,cucumbers are a type of,0.132567673921585
", hamsters and other",hamsters,animal,['animals'],[4695],", reggae and other",reggae,music,['music'],[2647],hamsters are a type of,reggae is a type of,0.1136731281876564
", elk and other",elk,animal,['animals'],[4695],", businesswomen and other",businesswomen,profession,"['people', 'professionals', 'workers']","[661, 11153, 3259]",elk are a type of,businesswomen are a type of,0.1451094001531601
", apples and other",apples,fruit,"['fruits', 'fruit']","[15921, 8234]",", mayors and other",mayors,politician,"['elected', 'politicians']","[7018, 7602]",apples are a type of,mayors are a type of,0.2144791483879089
", oranges and other",oranges,fruit,"['fruits', 'fruit']","[15921, 8234]",", hotels and other",hotels,home,"['housing', 'residential', 'structures']","[5627, 12420, 8573]",oranges are a type of,hotels are a type of,0.2937815487384796
", bananas and other",bananas,fruit,"['fruits', 'fruit']","[15921, 8234]",", speeding and other",speeding,crime,"['crimes', 'crime']","[6741, 4065]",bananas are a type of,speeding is a type of,0.1734546273946762
", grapes and other",grapes,fruit,"['fruits', 'fruit']","[15921, 8234]",", presidents and other",presidents,politician,"['elected', 'politicians']","[7018, 7602]",grapes are a type of,presidents are a type of,0.1585177630186081
", pears and other",pears,fruit,"['fruits', 'fruit']","[15921, 8234]",", blowfish and other",blowfish,fish,"['fish', 'fishes']","[5916, 49765]",pears are a type of,blowfish are a type of,0.1010168939828872
", peaches and other",peaches,fruit,"['fruits', 'fruit']","[15921, 8234]",", gnats and other",gnats,bug,"['insects', 'insect', 'bugs']","[19435, 12833, 11316]",peaches are a type of,gnats are a type of,0.1828854382038116
", strawberries and other",strawberries,fruit,"['fruits', 'fruit']","[15921, 8234]",", Japan and other",Japan,country,"['countries', 'country']","[2678, 1499]",strawberries are a type of,Japan is a type of,0.1816799342632293
", grapefruits and other",grapefruits,fruit,"['fruits', 'fruit']","[15921, 8234]",", cockroaches and other",cockroaches,bug,"['insects', 'insect', 'bugs']","[19435, 12833, 11316]",grapefruits are a type of,cockroaches are a type of,0.2135457098484039
", mangoes and other",mangoes,fruit,"['fruits', 'fruit']","[15921, 8234]",", tidal waves and other",tidal waves,weather,"['weather', 'natural']","[6193, 3288]",mangoes are a type of,tidal waves are a type of,0.2684987783432007
", cherries and other",cherries,fruit,"['fruits', 'fruit']","[15921, 8234]",", corporals and other",corporals,soldier,"['officers', 'soldiers', 'military']","[3790, 5795, 2422]",cherries are a type of,corporals are a type of,0.1625783294439315
", lemons and other",lemons,fruit,"['fruits', 'fruit']","[15921, 8234]",", carnations and other",carnations,flower,"['flowers', 'flowering']","[12734, 48573]",lemons are a type of,carnations are a type of,0.1451799720525741
", blueberries and other",blueberries,fruit,"['fruits', 'fruit']","[15921, 8234]",", buss and other",buss,vehicle,"['vehicles', 'transportation', 'transport']","[5672, 9358, 4839]",blueberries are a type of,buss are a type of,0.212815448641777
", raspberries and other",raspberries,fruit,"['fruits', 'fruit']","[15921, 8234]",", mopeds and other",mopeds,vehicle,"['vehicles', 'transportation', 'transport']","[5672, 9358, 4839]",raspberries are a type of,mopeds are a type of,0.1342020183801651
", starfruits and other",starfruits,fruit,"['fruits', 'fruit']","[15921, 8234]",", carpenters and other",carpenters,profession,"['people', 'professionals', 'workers']","[661, 11153, 3259]",starfruits are a type of,carpenters are a type of,0.1473105400800705
", guns and other",guns,weapon,"['weapons', 'weapon', 'weaponry']","[3777, 4282, 28479]",", spinach and other",spinach,vegetable,"['vegetables', 'vegetable']","[13701, 20236]",guns are a type of,spinach is a type of,0.1944537758827209
", swords and other",swords,weapon,"['weapons', 'weapon', 'weaponry']","[3777, 4282, 28479]",", flies and other",flies,bug,"['insects', 'insect', 'bugs']","[19435, 12833, 11316]",swords are a type of,flies are a type of,0.1964606642723083
", bombs and other",bombs,weapon,"['weapons', 'weapon', 'weaponry']","[3777, 4282, 28479]",", presidents and other",presidents,politician,"['elected', 'politicians']","[7018, 7602]",bombs are a type of,presidents are a type of,0.1465621888637542
", rifles and other",rifles,weapon,"['weapons', 'weapon', 'weaponry']","[3777, 4282, 28479]",", bankers and other",bankers,profession,"['people', 'professionals', 'workers']","[661, 11153, 3259]",rifles are a type of,bankers are a type of,0.2099706381559372
", maces and other",maces,weapon,"['weapons', 'weapon', 'weaponry']","[3777, 4282, 28479]",", treasurers and other",treasurers,politician,"['elected', 'politicians']","[7018, 7602]",maces are a type of,treasurers are a type of,0.2363430112600326
", grenades and other",grenades,weapon,"['weapons', 'weapon', 'weaponry']","[3777, 4282, 28479]",", weeks and other",weeks,time,"['time', 'units']","[640, 4991]",grenades are a type of,weeks are a type of,0.1759476065635681
", missiles and other",missiles,weapon,"['weapons', 'weapon', 'weaponry']","[3777, 4282, 28479]",", strawberries and other",strawberries,fruit,"['fruits', 'fruit']","[15921, 8234]",missiles are a type of,strawberries are a type of,0.2167435139417648
", handguns and other",handguns,weapon,"['weapons', 'weapon', 'weaponry']","[3777, 4282, 28479]",", bras and other",bras,clothing,"['clothing', 'clothes', 'garments']","[9528, 8242, 36097]",handguns are a type of,bras are a type of,0.2123030722141266
", spears and other",spears,weapon,"['weapons', 'weapon', 'weaponry']","[3777, 4282, 28479]",", apples and other",apples,fruit,"['fruits', 'fruit']","[15921, 8234]",spears are a type of,apples are a type of,0.1062061414122581
", condominiums and other",condominiums,home,"['housing', 'residential', 'structures']","[5627, 12420, 8573]",", secretaries of state and other",secretaries of state,politician,"['elected', 'politicians']","[7018, 7602]",condominiums are a type of,secretaries of state are a type of,0.1092735826969146
", America and other",America,country,"['countries', 'country']","[2678, 1499]",", milliseconds and other",milliseconds,time,"['time', 'units']","[640, 4991]",America is a type of,milliseconds are a type of,0.1108787879347801
", Canada and other",Canada,country,"['countries', 'country']","[2678, 1499]",", heels and other",heels,footwear,['footwear'],[43463],Canada is a type of,heels are a type of,0.2268316894769668
", France and other",France,country,"['countries', 'country']","[2678, 1499]",", techno and other",techno,music,['music'],[2647],France is a type of,techno is a type of,0.2532073855400085
", Mexico and other",Mexico,country,"['countries', 'country']","[2678, 1499]",", screws and other",screws,tool,['tools'],[4899],Mexico is a type of,screws are a type of,0.2303952276706695
", England and other",England,country,"['countries', 'country']","[2678, 1499]",", potatoes and other",potatoes,vegetable,"['vegetables', 'vegetable']","[13701, 20236]",England is a type of,potatoes are a type of,0.180790901184082
", Germany and other",Germany,country,"['countries', 'country']","[2678, 1499]",", fathers and other",fathers,relative,"['relatives', 'family']","[12772, 1641]",Germany is a type of,fathers are a type of,0.2485485225915908
", Spain and other",Spain,country,"['countries', 'country']","[2678, 1499]",", wind and other",wind,weather,"['weather', 'natural']","[6193, 3288]",Spain is a type of,wind is a type of,0.2350502014160156
", Italy and other",Italy,country,"['countries', 'country']","[2678, 1499]",", mothers and other",mothers,relative,"['relatives', 'family']","[12772, 1641]",Italy is a type of,mothers are a type of,0.2602030336856842
", China and other",China,country,"['countries', 'country']","[2678, 1499]",", carp and other",carp,fish,"['fish', 'fishes']","[5916, 49765]",China is a type of,carp are a type of,0.1658087372779846
", Japan and other",Japan,country,"['countries', 'country']","[2678, 1499]",", rape and other",rape,crime,"['crimes', 'crime']","[6741, 4065]",Japan is a type of,rape is a type of,0.170425996184349
", Russia and other",Russia,country,"['countries', 'country']","[2678, 1499]",", spears and other",spears,weapon,"['weapons', 'weapon', 'weaponry']","[3777, 4282, 28479]",Russia is a type of,spears are a type of,0.1446715295314788
", Brazil and other",Brazil,country,"['countries', 'country']","[2678, 1499]",", rape and other",rape,crime,"['crimes', 'crime']","[6741, 4065]",Brazil is a type of,rape is a type of,0.2530070841312408
", Ireland and other",Ireland,country,"['countries', 'country']","[2678, 1499]",", cod and other",cod,fish,"['fish', 'fishes']","[5916, 49765]",Ireland is a type of,cod are a type of,0.182083323597908
", Australia and other",Australia,country,"['countries', 'country']","[2678, 1499]",", officers and other",officers,soldier,"['officers', 'soldiers', 'military']","[3790, 5795, 2422]",Australia is a type of,officers are a type of,0.249407947063446
", Iraq and other",Iraq,country,"['countries', 'country']","[2678, 1499]",", guns and other",guns,weapon,"['weapons', 'weapon', 'weaponry']","[3777, 4282, 28479]",Iraq is a type of,guns are a type of,0.1592941731214523
", Afghanistan and other",Afghanistan,country,"['countries', 'country']","[2678, 1499]",", representatives and other",representatives,politician,"['elected', 'politicians']","[7018, 7602]",Afghanistan is a type of,representatives are a type of,0.1968752741813659
", Argentina and other",Argentina,country,"['countries', 'country']","[2678, 1499]",", trailers and other",trailers,home,"['housing', 'residential', 'structures']","[5627, 12420, 8573]",Argentina is a type of,trailers are a type of,0.2612690329551697
", India and other",India,country,"['countries', 'country']","[2678, 1499]",", jackets and other",jackets,clothing,"['clothing', 'clothes', 'garments']","[9528, 8242, 36097]",India is a type of,jackets are a type of,0.1960888057947158
", Switzerland and other",Switzerland,country,"['countries', 'country']","[2678, 1499]",", fathers and other",fathers,relative,"['relatives', 'family']","[12772, 1641]",Switzerland is a type of,fathers are a type of,0.2748340666294098
", Sweden and other",Sweden,country,"['countries', 'country']","[2678, 1499]",", miles and other",miles,distance,"['units', 'measurement', 'measurements', 'distance', 'distances']","[4991, 15558, 13871, 5253, 18868]",Sweden is a type of,miles are a type of,0.2383996248245239
", Chile and other",Chile,country,"['countries', 'country']","[2678, 1499]",", clouds and other",clouds,weather,"['weather', 'natural']","[6193, 3288]",Chile is a type of,clouds are a type of,0.2122706025838852
", Britain and other",Britain,country,"['countries', 'country']","[2678, 1499]",", rifles and other",rifles,weapon,"['weapons', 'weapon', 'weaponry']","[3777, 4282, 28479]",Britain is a type of,rifles are a type of,0.172819122672081
", Iran and other",Iran,country,"['countries', 'country']","[2678, 1499]",", blues and other",blues,music,['music'],[2647],Iran is a type of,blues is a type of,0.1333900243043899
", Portugal and other",Portugal,country,"['countries', 'country']","[2678, 1499]",", governors and other",governors,politician,"['elected', 'politicians']","[7018, 7602]",Portugal is a type of,governors are a type of,0.2355659753084182
", Greece and other",Greece,country,"['countries', 'country']","[2678, 1499]",", soccer and other",soccer,sport,['sports'],[5701],Greece is a type of,soccer is a type of,0.1311162561178207
", Scotland and other",Scotland,country,"['countries', 'country']","[2678, 1499]",", metal and other",metal,music,['music'],[2647],Scotland is a type of,metal is a type of,0.1130152195692062
", Egypt and other",Egypt,country,"['countries', 'country']","[2678, 1499]",", volleyball and other",volleyball,sport,['sports'],[5701],Egypt is a type of,volleyball is a type of,0.1991424709558487
", Israel and other",Israel,country,"['countries', 'country']","[2678, 1499]",", years and other",years,time,"['time', 'units']","[640, 4991]",Israel is a type of,years are a type of,0.1626850813627243
", Peru and other",Peru,country,"['countries', 'country']","[2678, 1499]",", blues and other",blues,music,['music'],[2647],Peru is a type of,blues is a type of,0.2003997564315796
", robbery and other",robbery,crime,"['crimes', 'crime']","[6741, 4065]",", Africa and other",Africa,country,"['countries', 'country']","[2678, 1499]",robbery is a type of,Africa is a type of,0.2584141790866852
", homicide and other",homicide,crime,"['crimes', 'crime']","[6741, 4065]",", boots and other",boots,footwear,['footwear'],[43463],homicide is a type of,boots are a type of,0.2265849113464355
", burglary and other",burglary,crime,"['crimes', 'crime']","[6741, 4065]",", centuries and other",centuries,time,"['time', 'units']","[640, 4991]",burglary is a type of,centuries are a type of,0.2540352344512939
", arson and other",arson,crime,"['crimes', 'crime']","[6741, 4065]",", Australia and other",Australia,country,"['countries', 'country']","[2678, 1499]",arson is a type of,Australia is a type of,0.169678047299385
", larceny and other",larceny,crime,"['crimes', 'crime']","[6741, 4065]",", carpenters and other",carpenters,profession,"['people', 'professionals', 'workers']","[661, 11153, 3259]",larceny is a type of,carpenters are a type of,0.1677170246839523
", kidnapping and other",kidnapping,crime,"['crimes', 'crime']","[6741, 4065]",", weeks and other",weeks,time,"['time', 'units']","[640, 4991]",kidnapping is a type of,weeks are a type of,0.2350817918777465
", drug smuggling and other",drug smuggling,crime,"['crimes', 'crime']","[6741, 4065]",", skateboards and other",skateboards,vehicle,"['vehicles', 'transportation', 'transport']","[5672, 9358, 4839]",drug smuggling is a type of,skateboards are a type of,0.1492674499750137
", wrenches and other",wrenches,tool,['tools'],[4899],", rowboats and other",rowboats,boat,"['boats', 'vessels', 'ships', 'boat']","[16659, 14891, 7937, 8848]",wrenches are a type of,rowboats are a type of,0.1676012873649597
", pliers and other",pliers,tool,['tools'],[4899],", end tables and other",end tables,furniture,['furniture'],[13091],pliers are a type of,end tables are a type of,0.2086199522018432
", doctors and other",doctors,profession,"['people', 'professionals', 'workers']","[661, 11153, 3259]",", dance and other",dance,music,['music'],[2647],doctors are a type of,dance is a type of,0.1111660674214363
", accountants and other",accountants,profession,"['people', 'professionals', 'workers']","[661, 11153, 3259]",", coffee tables and other",coffee tables,furniture,['furniture'],[13091],accountants are a type of,coffee tables are a type of,0.2194593399763107
", dentists and other",dentists,profession,"['people', 'professionals', 'workers']","[661, 11153, 3259]",", eons and other",eons,time,"['time', 'units']","[640, 4991]",dentists are a type of,eons are a type of,0.1764221638441085
", engineers and other",engineers,profession,"['people', 'professionals', 'workers']","[661, 11153, 3259]",", motorcycles and other",motorcycles,vehicle,"['vehicles', 'transportation', 'transport']","[5672, 9358, 4839]",engineers are a type of,motorcycles are a type of,0.1139925941824913
", janitors and other",janitors,profession,"['people', 'professionals', 'workers']","[661, 11153, 3259]",", irides and other",irides,flower,"['flowers', 'flowering']","[12734, 48573]",janitors are a type of,irides are a type of,0.1235694959759712
", physical therapists and other",physical therapists,profession,"['people', 'professionals', 'workers']","[661, 11153, 3259]",", sandpapers and other",sandpapers,tool,['tools'],[4899],physical therapists are a type of,sandpapers are a type of,0.1616093069314956
", football and other",football,sport,['sports'],[5701],", drums and other",drums,instrument,"['musical', 'instruments']","[10530, 12834]",football is a type of,drums are a type of,0.2098400145769119
", basketball and other",basketball,sport,['sports'],[5701],", minutes and other",minutes,time,"['time', 'units']","[640, 4991]",basketball is a type of,minutes are a type of,0.35216224193573
", soccer and other",soccer,sport,['sports'],[5701],", blades and other",blades,weapon,"['weapons', 'weapon', 'weaponry']","[3777, 4282, 28479]",soccer is a type of,blades are a type of,0.2628348469734192
", baseball and other",baseball,sport,['sports'],[5701],", nurses and other",nurses,profession,"['people', 'professionals', 'workers']","[661, 11153, 3259]",baseball is a type of,nurses are a type of,0.3806282579898834
", tennis and other",tennis,sport,['sports'],[5701],", dollars and other",dollars,money,"['currency', 'money', 'currencies']","[7395, 1637, 19247]",tennis is a type of,dollars are a type of,0.3430749773979187
", hockey and other",hockey,sport,['sports'],[5701],", daughters and other",daughters,relative,"['relatives', 'family']","[12772, 1641]",hockey is a type of,daughters are a type of,0.350765585899353
", golf and other",golf,sport,['sports'],[5701],", beetles and other",beetles,bug,"['insects', 'insect', 'bugs']","[19435, 12833, 11316]",golf is a type of,beetles are a type of,0.2034035325050354
", volleyball and other",volleyball,sport,['sports'],[5701],", months and other",months,time,"['time', 'units']","[640, 4991]",volleyball is a type of,months are a type of,0.3343394696712494
", lacrosse and other",lacrosse,sport,['sports'],[5701],", elk and other",elk,animal,['animals'],[4695],lacrosse is a type of,elk are a type of,0.407311737537384
", rugby and other",rugby,sport,['sports'],[5701],", captains and other",captains,soldier,"['officers', 'soldiers', 'military']","[3790, 5795, 2422]",rugby is a type of,captains are a type of,0.286475121974945
", softball and other",softball,sport,['sports'],[5701],", melons and other",melons,fruit,"['fruits', 'fruit']","[15921, 8234]",softball is a type of,melons are a type of,0.2612247169017792
", field hockey and other",field hockey,sport,['sports'],[5701],", second cousins and other",second cousins,relative,"['relatives', 'family']","[12772, 1641]",field hockey is a type of,second cousins are a type of,0.3186130225658417
", gymnastics and other",gymnastics,sport,['sports'],[5701],", gemstones and other",gemstones,gem,"['gem', 'gems']","[16840, 23685]",gymnastics is a type of,gemstones are a type of,0.2276664972305297
", racquetball and other",racquetball,sport,['sports'],[5701],", micrometers and other",micrometers,distance,"['units', 'measurement', 'measurements', 'distance', 'distances']","[4991, 15558, 13871, 5253, 18868]",racquetball is a type of,micrometers are a type of,0.1899516284465789
", wrestling and other",wrestling,sport,['sports'],[5701],", pumps and other",pumps,footwear,['footwear'],[43463],wrestling is a type of,pumps are a type of,0.1353925317525863
", bowling and other",bowling,sport,['sports'],[5701],", alternative and other",alternative,music,['music'],[2647],bowling is a type of,alternative is a type of,0.1304781138896942
", cricket and other",cricket,sport,['sports'],[5701],", professors and other",professors,profession,"['people', 'professionals', 'workers']","[661, 11153, 3259]",cricket is a type of,professors are a type of,0.2449737638235092
", hurricanes and other",hurricanes,weather,"['weather', 'natural']","[6193, 3288]",", golf and other",golf,sport,['sports'],[5701],hurricanes are a type of,golf is a type of,0.2191543877124786
", earthquakes and other",earthquakes,weather,"['weather', 'natural']","[6193, 3288]",", arson and other",arson,crime,"['crimes', 'crime']","[6741, 4065]",earthquakes are a type of,arson is a type of,0.241043284535408
", typhoons and other",typhoons,weather,"['weather', 'natural']","[6193, 3288]",", slippers and other",slippers,footwear,['footwear'],[43463],typhoons are a type of,slippers are a type of,0.1322603970766067
", shorts and other",shorts,clothing,"['clothing', 'clothes', 'garments']","[9528, 8242, 36097]",", chickens and other",chickens,bird,"['birds', 'bird']","[10087, 6512]",shorts are a type of,chickens are a type of,0.1120176613330841
", jackets and other",jackets,clothing,"['clothing', 'clothes', 'garments']","[9528, 8242, 36097]",", ducks and other",ducks,bird,"['birds', 'bird']","[10087, 6512]",jackets are a type of,ducks are a type of,0.1196508482098579
", skirts and other",skirts,clothing,"['clothing', 'clothes', 'garments']","[9528, 8242, 36097]",", ducks and other",ducks,bird,"['birds', 'bird']","[10087, 6512]",skirts are a type of,ducks are a type of,0.1486119478940963
", jeanss and other",jeanss,clothing,"['clothing', 'clothes', 'garments']","[9528, 8242, 36097]",", rubies and other",rubies,gem,"['gem', 'gems']","[16840, 23685]",jeanss are a type of,rubies are a type of,0.117699034512043
", sweatshirts and other",sweatshirts,clothing,"['clothing', 'clothes', 'garments']","[9528, 8242, 36097]",", carpenters and other",carpenters,profession,"['people', 'professionals', 'workers']","[661, 11153, 3259]",sweatshirts are a type of,carpenters are a type of,0.1542096734046936
", drums and other",drums,instrument,"['musical', 'instruments']","[10530, 12834]",", caves and other",caves,home,"['housing', 'residential', 'structures']","[5627, 12420, 8573]",drums are a type of,caves are a type of,0.4353495836257934
", guitars and other",guitars,instrument,"['musical', 'instruments']","[10530, 12834]",", beans and other",beans,vegetable,"['vegetables', 'vegetable']","[13701, 20236]",guitars are a type of,beans are a type of,0.3642423748970032
", flutes and other",flutes,instrument,"['musical', 'instruments']","[10530, 12834]",", pines and other",pines,tree,['trees'],[7150],flutes are a type of,pines are a type of,0.3306310176849365
", pianoes and other",pianoes,instrument,"['musical', 'instruments']","[10530, 12834]",", millimeters and other",millimeters,distance,"['units', 'measurement', 'measurements', 'distance', 'distances']","[4991, 15558, 13871, 5253, 18868]",pianoes are a type of,millimeters are a type of,0.1421156972646713
", saxophones and other",saxophones,instrument,"['musical', 'instruments']","[10530, 12834]",", weeping willows and other",weeping willows,tree,['trees'],[7150],saxophones are a type of,weeping willows are a type of,0.4426347017288208
", bass guitars and other",bass guitars,instrument,"['musical', 'instruments']","[10530, 12834]",", softball and other",softball,sport,['sports'],[5701],bass guitars are a type of,softball is a type of,0.2748747766017914
", basses and other",basses,instrument,"['musical', 'instruments']","[10530, 12834]",", fleas and other",fleas,bug,"['insects', 'insect', 'bugs']","[19435, 12833, 11316]",basses are a type of,fleas are a type of,0.1115534305572509
", cents and other",cents,money,"['currency', 'money', 'currencies']","[7395, 1637, 19247]",", miles and other",miles,distance,"['units', 'measurement', 'measurements', 'distance', 'distances']","[4991, 15558, 13871, 5253, 18868]",cents are a type of,miles are a type of,0.1231756433844566
", pesoes and other",pesoes,money,"['currency', 'money', 'currencies']","[7395, 1637, 19247]",", pantss and other",pantss,clothing,"['clothing', 'clothes', 'garments']","[9528, 8242, 36097]",pesoes are a type of,pantss are a type of,0.3166722953319549
", francs and other",francs,money,"['currency', 'money', 'currencies']","[7395, 1637, 19247]",", dogwoods and other",dogwoods,tree,['trees'],[7150],francs are a type of,dogwoods are a type of,0.1290753483772277
", rubles and other",rubles,money,"['currency', 'money', 'currencies']","[7395, 1637, 19247]",", pliers and other",pliers,tool,['tools'],[4899],rubles are a type of,pliers are a type of,0.2014640569686889
", rupees and other",rupees,money,"['currency', 'money', 'currencies']","[7395, 1637, 19247]",", harmonicas and other",harmonicas,instrument,"['musical', 'instruments']","[10530, 12834]",rupees are a type of,harmonicas are a type of,0.2979756593704223
", eagles and other",eagles,bird,"['birds', 'bird']","[10087, 6512]",", drug smuggling and other",drug smuggling,crime,"['crimes', 'crime']","[6741, 4065]",eagles are a type of,drug smuggling is a type of,0.1009712368249893
", bluebirds and other",bluebirds,bird,"['birds', 'bird']","[10087, 6512]",", melons and other",melons,fruit,"['fruits', 'fruit']","[15921, 8234]",bluebirds are a type of,melons are a type of,0.131421685218811
", crows and other",crows,bird,"['birds', 'bird']","[10087, 6512]",", measuring sticks and other",measuring sticks,tool,['tools'],[4899],crows are a type of,measuring sticks are a type of,0.1084775775671005
", hummingbirds and other",hummingbirds,bird,"['birds', 'bird']","[10087, 6512]",", subways and other",subways,vehicle,"['vehicles', 'transportation', 'transport']","[5672, 9358, 4839]",hummingbirds are a type of,subways are a type of,0.2780622839927673
", parrots and other",parrots,bird,"['birds', 'bird']","[10087, 6512]",", shacks and other",shacks,home,"['housing', 'residential', 'structures']","[5627, 12420, 8573]",parrots are a type of,shacks are a type of,0.1480107307434082
", pigeons and other",pigeons,bird,"['birds', 'bird']","[10087, 6512]",", turnips and other",turnips,vegetable,"['vegetables', 'vegetable']","[13701, 20236]",pigeons are a type of,turnips are a type of,0.2208432704210281
", falcons and other",falcons,bird,"['birds', 'bird']","[10087, 6512]",", colonels and other",colonels,soldier,"['officers', 'soldiers', 'military']","[3790, 5795, 2422]",falcons are a type of,colonels are a type of,0.1336300820112228
", mockingbirds and other",mockingbirds,bird,"['birds', 'bird']","[10087, 6512]",", treasurers and other",treasurers,politician,"['elected', 'politicians']","[7018, 7602]",mockingbirds are a type of,treasurers are a type of,0.1317949593067169
", blackbirds and other",blackbirds,bird,"['birds', 'bird']","[10087, 6512]",", pears and other",pears,fruit,"['fruits', 'fruit']","[15921, 8234]",blackbirds are a type of,pears are a type of,0.188108742237091
", cars and other",cars,vehicle,"['vehicles', 'transportation', 'transport']","[5672, 9358, 4839]",", ducks and other",ducks,bird,"['birds', 'bird']","[10087, 6512]",cars are a type of,ducks are a type of,0.1960317641496658
", trucks and other",trucks,vehicle,"['vehicles', 'transportation', 'transport']","[5672, 9358, 4839]",", ducks and other",ducks,bird,"['birds', 'bird']","[10087, 6512]",trucks are a type of,ducks are a type of,0.452820211648941
", planes and other",planes,vehicle,"['vehicles', 'transportation', 'transport']","[5672, 9358, 4839]",", earthquakes and other",earthquakes,weather,"['weather', 'natural']","[6193, 3288]",planes are a type of,earthquakes are a type of,0.1287606805562973
", trains and other",trains,vehicle,"['vehicles', 'transportation', 'transport']","[5672, 9358, 4839]",", keyboards and other",keyboards,instrument,"['musical', 'instruments']","[10530, 12834]",trains are a type of,keyboards are a type of,0.1442985832691192
", bicycles and other",bicycles,vehicle,"['vehicles', 'transportation', 'transport']","[5672, 9358, 4839]",", caves and other",caves,home,"['housing', 'residential', 'structures']","[5627, 12420, 8573]",bicycles are a type of,caves are a type of,0.126082643866539
", vans and other",vans,vehicle,"['vehicles', 'transportation', 'transport']","[5672, 9358, 4839]",", ants and other",ants,bug,"['insects', 'insect', 'bugs']","[19435, 12833, 11316]",vans are a type of,ants are a type of,0.584637463092804
", motorcycles and other",motorcycles,vehicle,"['vehicles', 'transportation', 'transport']","[5672, 9358, 4839]",", captains and other",captains,soldier,"['officers', 'soldiers', 'military']","[3790, 5795, 2422]",motorcycles are a type of,captains are a type of,0.263834536075592
", SUVs and other",SUVs,vehicle,"['vehicles', 'transportation', 'transport']","[5672, 9358, 4839]",", vice presidents and other",vice presidents,politician,"['elected', 'politicians']","[7018, 7602]",SUVs are a type of,vice presidents are a type of,0.4429687261581421
", cabs and other",cabs,vehicle,"['vehicles', 'transportation', 'transport']","[5672, 9358, 4839]",", irides and other",irides,flower,"['flowers', 'flowering']","[12734, 48573]",cabs are a type of,irides are a type of,0.2120795100927353
", carrots and other",carrots,vegetable,"['vegetables', 'vegetable']","[13701, 20236]",", grapes and other",grapes,fruit,"['fruits', 'fruit']","[15921, 8234]",carrots are a type of,grapes are a type of,0.1493406295776367
", lettuce and other",lettuce,vegetable,"['vegetables', 'vegetable']","[13701, 20236]",", boots and other",boots,footwear,['footwear'],[43463],lettuce is a type of,boots are a type of,0.2588576078414917
", broccoli and other",broccoli,vegetable,"['vegetables', 'vegetable']","[13701, 20236]",", lightning and other",lightning,weather,"['weather', 'natural']","[6193, 3288]",broccoli is a type of,lightning is a type of,0.2338613718748092
", tomatoes and other",tomatoes,vegetable,"['vegetables', 'vegetable']","[13701, 20236]",", nails and other",nails,tool,['tools'],[4899],tomatoes are a type of,nails are a type of,0.1431028097867965
", cucumbers and other",cucumbers,vegetable,"['vegetables', 'vegetable']","[13701, 20236]",", owls and other",owls,bird,"['birds', 'bird']","[10087, 6512]",cucumbers are a type of,owls are a type of,0.1619215607643127
", peas and other",peas,vegetable,"['vegetables', 'vegetable']","[13701, 20236]",", meters and other",meters,distance,"['units', 'measurement', 'measurements', 'distance', 'distances']","[4991, 15558, 13871, 5253, 18868]",peas are a type of,meters are a type of,0.1439120918512344
", potatoes and other",potatoes,vegetable,"['vegetables', 'vegetable']","[13701, 20236]",", swimming and other",swimming,sport,['sports'],[5701],potatoes are a type of,swimming is a type of,0.1617050468921661
", onions and other",onions,vegetable,"['vegetables', 'vegetable']","[13701, 20236]",", clubs and other",clubs,weapon,"['weapons', 'weapon', 'weaponry']","[3777, 4282, 28479]",onions are a type of,clubs are a type of,0.161772534251213
", green beans and other",green beans,vegetable,"['vegetables', 'vegetable']","[13701, 20236]",", congressmen and other",congressmen,politician,"['elected', 'politicians']","[7018, 7602]",green beans are a type of,congressmen are a type of,0.1204489916563034
", spinach and other",spinach,vegetable,"['vegetables', 'vegetable']","[13701, 20236]",", cats and other",cats,animal,['animals'],[4695],spinach is a type of,cats are a type of,0.1804116666316986
", cauliflower and other",cauliflower,vegetable,"['vegetables', 'vegetable']","[13701, 20236]",", cheerleading and other",cheerleading,sport,['sports'],[5701],cauliflower is a type of,cheerleading is a type of,0.1800594180822372
", asparagus and other",asparagus,vegetable,"['vegetables', 'vegetable']","[13701, 20236]",", nickels and other",nickels,money,"['currency', 'money', 'currencies']","[7395, 1637, 19247]",asparagus are a type of,nickels are a type of,0.1970080882310867
", zucchini and other",zucchini,vegetable,"['vegetables', 'vegetable']","[13701, 20236]",", great aunts and other",great aunts,relative,"['relatives', 'family']","[12772, 1641]",zucchini is a type of,great aunts are a type of,0.1543653011322021
", hiking shoes and other",hiking shoes,footwear,['footwear'],[43463],", polo and other",polo,sport,['sports'],[5701],hiking shoes are a type of,polo is a type of,0.1020104512572288
", ants and other",ants,bug,"['insects', 'insect', 'bugs']","[19435, 12833, 11316]",", heels and other",heels,footwear,['footwear'],[43463],ants are a type of,heels are a type of,0.1115542575716972
", spiders and other",spiders,bug,"['insects', 'insect', 'bugs']","[19435, 12833, 11316]",", desks and other",desks,furniture,['furniture'],[13091],spiders are a type of,desks are a type of,0.104263886809349
", bees and other",bees,bug,"['insects', 'insect', 'bugs']","[19435, 12833, 11316]",", governors and other",governors,politician,"['elected', 'politicians']","[7018, 7602]",bees are a type of,governors are a type of,0.1495150923728943
", mosquitoes and other",mosquitoes,bug,"['insects', 'insect', 'bugs']","[19435, 12833, 11316]",", thunder and other",thunder,weather,"['weather', 'natural']","[6193, 3288]",mosquitoes are a type of,thunder is a type of,0.1988208889961242
", beetles and other",beetles,bug,"['insects', 'insect', 'bugs']","[19435, 12833, 11316]",", mice and other",mice,animal,['animals'],[4695],beetles are a type of,mice are a type of,0.1820915043354034
", ladybugs and other",ladybugs,bug,"['insects', 'insect', 'bugs']","[19435, 12833, 11316]",", drug smuggling and other",drug smuggling,crime,"['crimes', 'crime']","[6741, 4065]",ladybugs are a type of,drug smuggling is a type of,0.1701452136039734
", moths and other",moths,bug,"['insects', 'insect', 'bugs']","[19435, 12833, 11316]",", drug use and other",drug use,crime,"['crimes', 'crime']","[6741, 4065]",moths are a type of,drug use is a type of,0.1868462413549423
", cockroaches and other",cockroaches,bug,"['insects', 'insect', 'bugs']","[19435, 12833, 11316]",", raccoons and other",raccoons,animal,['animals'],[4695],cockroaches are a type of,raccoons are a type of,0.1052316427230835
", caterpillars and other",caterpillars,bug,"['insects', 'insect', 'bugs']","[19435, 12833, 11316]",", starfruits and other",starfruits,fruit,"['fruits', 'fruit']","[15921, 8234]",caterpillars are a type of,starfruits are a type of,0.1322919428348541
", centipedes and other",centipedes,bug,"['insects', 'insect', 'bugs']","[19435, 12833, 11316]",", carpenters and other",carpenters,profession,"['people', 'professionals', 'workers']","[661, 11153, 3259]",centipedes are a type of,carpenters are a type of,0.1026117950677871
", crickets and other",crickets,bug,"['insects', 'insect', 'bugs']","[19435, 12833, 11316]",", nanometers and other",nanometers,distance,"['units', 'measurement', 'measurements', 'distance', 'distances']","[4991, 15558, 13871, 5253, 18868]",crickets are a type of,nanometers are a type of,0.1146831437945365
", dragonflies and other",dragonflies,bug,"['insects', 'insect', 'bugs']","[19435, 12833, 11316]",", drunk driving and other",drunk driving,crime,"['crimes', 'crime']","[6741, 4065]",dragonflies are a type of,drunk driving is a type of,0.1538053452968597
", roses and other",roses,flower,"['flowers', 'flowering']","[12734, 48573]",", dollars and other",dollars,money,"['currency', 'money', 'currencies']","[7395, 1637, 19247]",roses are a type of,dollars are a type of,0.2035651206970214
", sailboats and other",sailboats,boat,"['boats', 'vessels', 'ships', 'boat']","[16659, 14891, 7937, 8848]",", crickets and other",crickets,bug,"['insects', 'insect', 'bugs']","[19435, 12833, 11316]",sailboats are a type of,crickets are a type of,0.3564392030239105
", speedboats and other",speedboats,boat,"['boats', 'vessels', 'ships', 'boat']","[16659, 14891, 7937, 8848]",", foxes and other",foxes,animal,['animals'],[4695],speedboats are a type of,foxes are a type of,0.2526281177997589
", rowboats and other",rowboats,boat,"['boats', 'vessels', 'ships', 'boat']","[16659, 14891, 7937, 8848]",", nanometers and other",nanometers,distance,"['units', 'measurement', 'measurements', 'distance', 'distances']","[4991, 15558, 13871, 5253, 18868]",rowboats are a type of,nanometers are a type of,0.2196727246046066
", tugboats and other",tugboats,boat,"['boats', 'vessels', 'ships', 'boat']","[16659, 14891, 7937, 8848]",", redwoods and other",redwoods,tree,['trees'],[7150],tugboats are a type of,redwoods are a type of,0.3878116309642792
", battleships and other",battleships,boat,"['boats', 'vessels', 'ships', 'boat']","[16659, 14891, 7937, 8848]",", futons and other",futons,furniture,['furniture'],[13091],battleships are a type of,futons are a type of,0.3124535679817199
", paddleboats and other",paddleboats,boat,"['boats', 'vessels', 'ships', 'boat']","[16659, 14891, 7937, 8848]",", feets and other",feets,distance,"['units', 'measurement', 'measurements', 'distance', 'distances']","[4991, 15558, 13871, 5253, 18868]",paddleboats are a type of,feets are a type of,0.179227128624916
", salmon and other",salmon,fish,"['fish', 'fishes']","[5916, 49765]",", bees and other",bees,bug,"['insects', 'insect', 'bugs']","[19435, 12833, 11316]",salmon are a type of,bees are a type of,0.1689417064189911
", trout and other",trout,fish,"['fish', 'fishes']","[5916, 49765]",", baseball and other",baseball,sport,['sports'],[5701],trout are a type of,baseball is a type of,0.1772410422563552
", goldfish and other",goldfish,fish,"['fish', 'fishes']","[5916, 49765]",", tank tops and other",tank tops,clothing,"['clothing', 'clothes', 'garments']","[9528, 8242, 36097]",goldfish are a type of,tank tops are a type of,0.1808444559574127
", catfish and other",catfish,fish,"['fish', 'fishes']","[5916, 49765]",", stools and other",stools,furniture,['furniture'],[13091],catfish are a type of,stools are a type of,0.1971595883369445
", tuna and other",tuna,fish,"['fish', 'fishes']","[5916, 49765]",", wind and other",wind,weather,"['weather', 'natural']","[6193, 3288]",tuna are a type of,wind is a type of,0.2157400697469711
", swordfish and other",swordfish,fish,"['fish', 'fishes']","[5916, 49765]",", pines and other",pines,tree,['trees'],[7150],swordfish are a type of,pines are a type of,0.1521776914596557
", blowfish and other",blowfish,fish,"['fish', 'fishes']","[5916, 49765]",", heavy metal and other",heavy metal,music,['music'],[2647],blowfish are a type of,heavy metal is a type of,0.1387636214494705
