clean,h1,hypernym,answers,answers_idx,corrupted,c1,corrupted_hypernym,corrupted_answers,corrupted_answers_idx,clean2,corrupted2
", gemstones and other",gemstones,gem,"['gem', 'gems']","[16915, 42776]",", harps and other",harps,instrument,"['musical', 'instruments']","[12256, 13225]",gemstones are a type of,harps are a type of
", uncles and other",uncles,relative,"['relatives', 'family']","[17772, 2021]",", barges and other",barges,boat,"['boats', 'vessels', 'ships', 'boat']","[19750, 12671, 11811, 9735]",uncles are a type of,barges are a type of
", aunts and other",aunts,relative,"['relatives', 'family']","[17772, 2021]",", gnats and other",gnats,bug,"['insects', 'insect', 'bugs']","[22392, 13188, 19775]",aunts are a type of,gnats are a type of
", cousins and other",cousins,relative,"['relatives', 'family']","[17772, 2021]",", inches and other",inches,distance,"['units', 'measurement', 'measurements', 'distance', 'distances']","[5085, 6814, 6341, 4181, 13849]",cousins are a type of,inches are a type of
", grandmoms and other",grandmoms,relative,"['relatives', 'family']","[17772, 2021]",", water polo and other",water polo,sport,['sports'],[9001],grandmoms are a type of,water polo is a type of
", grandmothers and other",grandmothers,relative,"['relatives', 'family']","[17772, 2021]",", secs and other",secs,time,"['time', 'units']","[673, 5085]",grandmothers are a type of,secs are a type of
", grandfathers and other",grandfathers,relative,"['relatives', 'family']","[17772, 2021]",", green beans and other",green beans,vegetable,"['vegetables', 'vegetable']","[15737, 21436]",grandfathers are a type of,green beans are a type of
", nephews and other",nephews,relative,"['relatives', 'family']","[17772, 2021]",", reggae and other",reggae,music,['music'],[3440],nephews are a type of,reggae is a type of
", great aunts and other",great aunts,relative,"['relatives', 'family']","[17772, 2021]",", brass knuckles and other",brass knuckles,weapon,"['weapons', 'weapon', 'weaponry']","[8914, 10485, 10485]",great aunts are a type of,brass knuckles are a type of
", grandparents and other",grandparents,relative,"['relatives', 'family']","[17772, 2021]",", speeding and other",speeding,crime,"['crimes', 'crime']","[12137, 6617]",grandparents are a type of,speeding is a type of
", sons and other",sons,relative,"['relatives', 'family']","[17772, 2021]",", chickens and other",chickens,bird,"['birds', 'bird']","[11260, 12621]",sons are a type of,chickens are a type of
", second cousins and other",second cousins,relative,"['relatives', 'family']","[17772, 2021]",", shacks and other",shacks,home,"['housing', 'residential', 'structures']","[8039, 16252, 5289]",second cousins are a type of,shacks are a type of
", generals and other",generals,soldier,"['officers', 'soldiers', 'military']","[6251, 9647, 4668]",", diamonds and other",diamonds,gem,"['gem', 'gems']","[16915, 42776]",generals are a type of,diamonds are a type of
", admirals and other",admirals,soldier,"['officers', 'soldiers', 'military']","[6251, 9647, 4668]",", liras and other",liras,money,"['currency', 'money', 'currencies']","[14731, 2583, 39105]",admirals are a type of,liras are a type of
", dogs and other",dogs,animal,['animals'],[5074],", Peru and other",Peru,country,"['countries', 'country']","[4343, 2586]",dogs are a type of,Peru is a type of
", cats and other",cats,animal,['animals'],[5074],", cabinets and other",cabinets,furniture,['furniture'],[17076],cats are a type of,cabinets are a type of
", horses and other",horses,animal,['animals'],[5074],", commanders and other",commanders,soldier,"['officers', 'soldiers', 'military']","[6251, 9647, 4668]",horses are a type of,commanders are a type of
", lions and other",lions,animal,['animals'],[5074],", dollars and other",dollars,money,"['currency', 'money', 'currencies']","[14731, 2583, 39105]",lions are a type of,dollars are a type of
", bears and other",bears,animal,['animals'],[5074],", nails and other",nails,tool,['tools'],[5657],bears are a type of,nails are a type of
", tigers and other",tigers,animal,['animals'],[5074],", spruces and other",spruces,tree,['trees'],[7139],tigers are a type of,spruces are a type of
", elephants and other",elephants,animal,['animals'],[5074],", engineers and other",engineers,profession,"['people', 'professionals', 'workers']","[952, 12440, 5820]",elephants are a type of,engineers are a type of
", deer and other",deer,animal,['animals'],[5074],", bees and other",bees,bug,"['insects', 'insect', 'bugs']","[22392, 13188, 19775]",deer are a type of,bees are a type of
", mice and other",mice,animal,['animals'],[5074],", firefighters and other",firefighters,profession,"['people', 'professionals', 'workers']","[952, 12440, 5820]",mice are a type of,firefighters are a type of
", pigs and other",pigs,animal,['animals'],[5074],", guitars and other",guitars,instrument,"['musical', 'instruments']","[12256, 13225]",pigs are a type of,guitars are a type of
", rats and other",rats,animal,['animals'],[5074],", grapes and other",grapes,fruit,"['fruits', 'fruit']","[18098, 9279]",rats are a type of,grapes are a type of
", squirrels and other",squirrels,animal,['animals'],[5074],", drug use and other",drug use,crime,"['crimes', 'crime']","[12137, 6617]",squirrels are a type of,drug use is a type of
", rabbits and other",rabbits,animal,['animals'],[5074],", managers and other",managers,profession,"['people', 'professionals', 'workers']","[952, 12440, 5820]",rabbits are a type of,managers are a type of
", goats and other",goats,animal,['animals'],[5074],", apartments and other",apartments,home,"['housing', 'residential', 'structures']","[8039, 16252, 5289]",goats are a type of,apartments are a type of
", mooses and other",mooses,animal,['animals'],[5074],", handguns and other",handguns,weapon,"['weapons', 'weapon', 'weaponry']","[8914, 10485, 10485]",mooses are a type of,handguns are a type of
", sheep and other",sheep,animal,['animals'],[5074],", clouds and other",clouds,weather,"['weather', 'natural']","[8588, 3626]",sheep are a type of,clouds are a type of
", raccoons and other",raccoons,animal,['animals'],[5074],", igloos and other",igloos,home,"['housing', 'residential', 'structures']","[8039, 16252, 5289]",raccoons are a type of,igloos are a type of
", wolves and other",wolves,animal,['animals'],[5074],", heels and other",heels,footwear,['footwear'],[3174],wolves are a type of,heels are a type of
", foxes and other",foxes,animal,['animals'],[5074],", motorcycles and other",motorcycles,vehicle,"['vehicles', 'transportation', 'transport']","[9411, 13120, 4616]",foxes are a type of,motorcycles are a type of
", hamsters and other",hamsters,animal,['animals'],[5074],", jeanss and other",jeanss,clothing,"['clothing', 'clothes', 'garments']","[14234, 10015, 42179]",hamsters are a type of,jeanss are a type of
", elk and other",elk,animal,['animals'],[5074],", eons and other",eons,time,"['time', 'units']","[673, 5085]",elk are a type of,eons are a type of
", apples and other",apples,fruit,"['fruits', 'fruit']","[18098, 9279]",", thunder and other",thunder,weather,"['weather', 'natural']","[8588, 3626]",apples are a type of,thunder is a type of
", oranges and other",oranges,fruit,"['fruits', 'fruit']","[18098, 9279]",", quartzs and other",quartzs,gem,"['gem', 'gems']","[16915, 42776]",oranges are a type of,quartzs are a type of
", bananas and other",bananas,fruit,"['fruits', 'fruit']","[18098, 9279]",", physical therapists and other",physical therapists,profession,"['people', 'professionals', 'workers']","[952, 12440, 5820]",bananas are a type of,physical therapists are a type of
", grapes and other",grapes,fruit,"['fruits', 'fruit']","[18098, 9279]",", doctors and other",doctors,profession,"['people', 'professionals', 'workers']","[952, 12440, 5820]",grapes are a type of,doctors are a type of
", pears and other",pears,fruit,"['fruits', 'fruit']","[18098, 9279]",", uncles and other",uncles,relative,"['relatives', 'family']","[17772, 2021]",pears are a type of,uncles are a type of
", peaches and other",peaches,fruit,"['fruits', 'fruit']","[18098, 9279]",", reggae and other",reggae,music,['music'],[3440],peaches are a type of,reggae is a type of
", strawberries and other",strawberries,fruit,"['fruits', 'fruit']","[18098, 9279]",", reggae and other",reggae,music,['music'],[3440],strawberries are a type of,reggae is a type of
", grapefruits and other",grapefruits,fruit,"['fruits', 'fruit']","[18098, 9279]",", mahi mahi and other",mahi mahi,fish,"['fish', 'fishes']","[6773, 49720]",grapefruits are a type of,mahi mahi are a type of
", mangoes and other",mangoes,fruit,"['fruits', 'fruit']","[18098, 9279]",", robins and other",robins,bird,"['birds', 'bird']","[11260, 12621]",mangoes are a type of,robins are a type of
", cherries and other",cherries,fruit,"['fruits', 'fruit']","[18098, 9279]",", grenades and other",grenades,weapon,"['weapons', 'weapon', 'weaponry']","[8914, 10485, 10485]",cherries are a type of,grenades are a type of
", lemons and other",lemons,fruit,"['fruits', 'fruit']","[18098, 9279]",", zebras and other",zebras,animal,['animals'],[5074],lemons are a type of,zebras are a type of
", blueberries and other",blueberries,fruit,"['fruits', 'fruit']","[18098, 9279]",", cheerleading and other",cheerleading,sport,['sports'],[9001],blueberries are a type of,cheerleading is a type of
", raspberries and other",raspberries,fruit,"['fruits', 'fruit']","[18098, 9279]",", rupees and other",rupees,money,"['currency', 'money', 'currencies']","[14731, 2583, 39105]",raspberries are a type of,rupees are a type of
", starfruits and other",starfruits,fruit,"['fruits', 'fruit']","[18098, 9279]",", moccasins and other",moccasins,footwear,['footwear'],[3174],starfruits are a type of,moccasins are a type of
", guns and other",guns,weapon,"['weapons', 'weapon', 'weaponry']","[8914, 10485, 10485]",", shoes and other",shoes,footwear,['footwear'],[3174],guns are a type of,shoes are a type of
", swords and other",swords,weapon,"['weapons', 'weapon', 'weaponry']","[8914, 10485, 10485]",", lawyers and other",lawyers,profession,"['people', 'professionals', 'workers']","[952, 12440, 5820]",swords are a type of,lawyers are a type of
", bombs and other",bombs,weapon,"['weapons', 'weapon', 'weaponry']","[8914, 10485, 10485]",", boots and other",boots,footwear,['footwear'],[3174],bombs are a type of,boots are a type of
", rifles and other",rifles,weapon,"['weapons', 'weapon', 'weaponry']","[8914, 10485, 10485]",", drums and other",drums,instrument,"['musical', 'instruments']","[12256, 13225]",rifles are a type of,drums are a type of
", maces and other",maces,weapon,"['weapons', 'weapon', 'weaponry']","[8914, 10485, 10485]",", slippers and other",slippers,footwear,['footwear'],[3174],maces are a type of,slippers are a type of
", grenades and other",grenades,weapon,"['weapons', 'weapon', 'weaponry']","[8914, 10485, 10485]",", suns and other",suns,flower,"['flowers', 'flowering']","[12405, 37958]",grenades are a type of,suns are a type of
", missiles and other",missiles,weapon,"['weapons', 'weapon', 'weaponry']","[8914, 10485, 10485]",", brethren and other",brethren,relative,"['relatives', 'family']","[17772, 2021]",missiles are a type of,brethren are a type of
", handguns and other",handguns,weapon,"['weapons', 'weapon', 'weaponry']","[8914, 10485, 10485]",", bicycles and other",bicycles,vehicle,"['vehicles', 'transportation', 'transport']","[9411, 13120, 4616]",handguns are a type of,bicycles are a type of
", spears and other",spears,weapon,"['weapons', 'weapon', 'weaponry']","[8914, 10485, 10485]",", pesoes and other",pesoes,money,"['currency', 'money', 'currencies']","[14731, 2583, 39105]",spears are a type of,pesoes are a type of
", condominiums and other",condominiums,home,"['housing', 'residential', 'structures']","[8039, 16252, 5289]",", amethysts and other",amethysts,gem,"['gem', 'gems']","[16915, 42776]",condominiums are a type of,amethysts are a type of
", America and other",America,country,"['countries', 'country']","[4343, 2586]",", drums and other",drums,instrument,"['musical', 'instruments']","[12256, 13225]",America is a type of,drums are a type of
", Canada and other",Canada,country,"['countries', 'country']","[4343, 2586]",", horns and other",horns,instrument,"['musical', 'instruments']","[12256, 13225]",Canada is a type of,horns are a type of
", France and other",France,country,"['countries', 'country']","[4343, 2586]",", lettuce and other",lettuce,vegetable,"['vegetables', 'vegetable']","[15737, 21436]",France is a type of,lettuce is a type of
", Mexico and other",Mexico,country,"['countries', 'country']","[4343, 2586]",", sheep and other",sheep,animal,['animals'],[5074],Mexico is a type of,sheep are a type of
", England and other",England,country,"['countries', 'country']","[4343, 2586]",", apples and other",apples,fruit,"['fruits', 'fruit']","[18098, 9279]",England is a type of,apples are a type of
", Germany and other",Germany,country,"['countries', 'country']","[4343, 2586]",", nails and other",nails,tool,['tools'],[5657],Germany is a type of,nails are a type of
", Spain and other",Spain,country,"['countries', 'country']","[4343, 2586]",", grapes and other",grapes,fruit,"['fruits', 'fruit']","[18098, 9279]",Spain is a type of,grapes are a type of
", Italy and other",Italy,country,"['countries', 'country']","[4343, 2586]",", pounds and other",pounds,money,"['currency', 'money', 'currencies']","[14731, 2583, 39105]",Italy is a type of,pounds are a type of
", China and other",China,country,"['countries', 'country']","[4343, 2586]",", running and other",running,sport,['sports'],[9001],China is a type of,running is a type of
", Japan and other",Japan,country,"['countries', 'country']","[4343, 2586]",", tents and other",tents,home,"['housing', 'residential', 'structures']","[8039, 16252, 5289]",Japan is a type of,tents are a type of
", Russia and other",Russia,country,"['countries', 'country']","[4343, 2586]",", trains and other",trains,vehicle,"['vehicles', 'transportation', 'transport']","[9411, 13120, 4616]",Russia is a type of,trains are a type of
", Brazil and other",Brazil,country,"['countries', 'country']","[4343, 2586]",", pumps and other",pumps,footwear,['footwear'],[3174],Brazil is a type of,pumps are a type of
", Ireland and other",Ireland,country,"['countries', 'country']","[4343, 2586]",", commanders and other",commanders,soldier,"['officers', 'soldiers', 'military']","[6251, 9647, 4668]",Ireland is a type of,commanders are a type of
", Australia and other",Australia,country,"['countries', 'country']","[4343, 2586]",", cousins and other",cousins,relative,"['relatives', 'family']","[17772, 2021]",Australia is a type of,cousins are a type of
", Iraq and other",Iraq,country,"['countries', 'country']","[4343, 2586]",", dollars and other",dollars,money,"['currency', 'money', 'currencies']","[14731, 2583, 39105]",Iraq is a type of,dollars are a type of
", Afghanistan and other",Afghanistan,country,"['countries', 'country']","[4343, 2586]",", drills and other",drills,tool,['tools'],[5657],Afghanistan is a type of,drills are a type of
", Argentina and other",Argentina,country,"['countries', 'country']","[4343, 2586]",", guns and other",guns,weapon,"['weapons', 'weapon', 'weaponry']","[8914, 10485, 10485]",Argentina is a type of,guns are a type of
", India and other",India,country,"['countries', 'country']","[4343, 2586]",", psychologists and other",psychologists,profession,"['people', 'professionals', 'workers']","[952, 12440, 5820]",India is a type of,psychologists are a type of
", Switzerland and other",Switzerland,country,"['countries', 'country']","[4343, 2586]",", burglary and other",burglary,crime,"['crimes', 'crime']","[12137, 6617]",Switzerland is a type of,burglary is a type of
", Sweden and other",Sweden,country,"['countries', 'country']","[4343, 2586]",", peas and other",peas,vegetable,"['vegetables', 'vegetable']","[15737, 21436]",Sweden is a type of,peas are a type of
", Chile and other",Chile,country,"['countries', 'country']","[4343, 2586]",", inches and other",inches,distance,"['units', 'measurement', 'measurements', 'distance', 'distances']","[5085, 6814, 6341, 4181, 13849]",Chile is a type of,inches are a type of
", Britain and other",Britain,country,"['countries', 'country']","[4343, 2586]",", apples and other",apples,fruit,"['fruits', 'fruit']","[18098, 9279]",Britain is a type of,apples are a type of
", Iran and other",Iran,country,"['countries', 'country']","[4343, 2586]",", apples and other",apples,fruit,"['fruits', 'fruit']","[18098, 9279]",Iran is a type of,apples are a type of
", Portugal and other",Portugal,country,"['countries', 'country']","[4343, 2586]",", apartments and other",apartments,home,"['housing', 'residential', 'structures']","[8039, 16252, 5289]",Portugal is a type of,apartments are a type of
", Greece and other",Greece,country,"['countries', 'country']","[4343, 2586]",", celery and other",celery,vegetable,"['vegetables', 'vegetable']","[15737, 21436]",Greece is a type of,celery is a type of
", Scotland and other",Scotland,country,"['countries', 'country']","[4343, 2586]",", rain and other",rain,weather,"['weather', 'natural']","[8588, 3626]",Scotland is a type of,rain is a type of
", Egypt and other",Egypt,country,"['countries', 'country']","[4343, 2586]",", representatives and other",representatives,politician,"['elected', 'politicians']","[10544, 13557]",Egypt is a type of,representatives are a type of
", Israel and other",Israel,country,"['countries', 'country']","[4343, 2586]",", goats and other",goats,animal,['animals'],[5074],Israel is a type of,goats are a type of
", Peru and other",Peru,country,"['countries', 'country']","[4343, 2586]",", wind and other",wind,weather,"['weather', 'natural']","[8588, 3626]",Peru is a type of,wind is a type of
", robbery and other",robbery,crime,"['crimes', 'crime']","[12137, 6617]",", ducks and other",ducks,bird,"['birds', 'bird']","[11260, 12621]",robbery is a type of,ducks are a type of
", homicide and other",homicide,crime,"['crimes', 'crime']","[12137, 6617]",", carp and other",carp,fish,"['fish', 'fishes']","[6773, 49720]",homicide is a type of,carp are a type of
", burglary and other",burglary,crime,"['crimes', 'crime']","[12137, 6617]",", onions and other",onions,vegetable,"['vegetables', 'vegetable']","[15737, 21436]",burglary is a type of,onions are a type of
", arson and other",arson,crime,"['crimes', 'crime']","[12137, 6617]",", pike and other",pike,fish,"['fish', 'fishes']","[6773, 49720]",arson is a type of,pike are a type of
", larceny and other",larceny,crime,"['crimes', 'crime']","[12137, 6617]",", thunderstorms and other",thunderstorms,weather,"['weather', 'natural']","[8588, 3626]",larceny is a type of,thunderstorms are a type of
", kidnapping and other",kidnapping,crime,"['crimes', 'crime']","[12137, 6617]",", spiders and other",spiders,bug,"['insects', 'insect', 'bugs']","[22392, 13188, 19775]",kidnapping is a type of,spiders are a type of
", drug smuggling and other",drug smuggling,crime,"['crimes', 'crime']","[12137, 6617]",", raspberries and other",raspberries,fruit,"['fruits', 'fruit']","[18098, 9279]",drug smuggling is a type of,raspberries are a type of
", wrenches and other",wrenches,tool,['tools'],[5657],", igloos and other",igloos,home,"['housing', 'residential', 'structures']","[8039, 16252, 5289]",wrenches are a type of,igloos are a type of
", pliers and other",pliers,tool,['tools'],[5657],", maces and other",maces,weapon,"['weapons', 'weapon', 'weaponry']","[8914, 10485, 10485]",pliers are a type of,maces are a type of
", doctors and other",doctors,profession,"['people', 'professionals', 'workers']","[952, 12440, 5820]",", inches and other",inches,distance,"['units', 'measurement', 'measurements', 'distance', 'distances']","[5085, 6814, 6341, 4181, 13849]",doctors are a type of,inches are a type of
", accountants and other",accountants,profession,"['people', 'professionals', 'workers']","[952, 12440, 5820]",", dressers and other",dressers,furniture,['furniture'],[17076],accountants are a type of,dressers are a type of
", dentists and other",dentists,profession,"['people', 'professionals', 'workers']","[952, 12440, 5820]",", congresswomen and other",congresswomen,politician,"['elected', 'politicians']","[10544, 13557]",dentists are a type of,congresswomen are a type of
", engineers and other",engineers,profession,"['people', 'professionals', 'workers']","[952, 12440, 5820]",", tennis and other",tennis,sport,['sports'],[9001],engineers are a type of,tennis is a type of
", janitors and other",janitors,profession,"['people', 'professionals', 'workers']","[952, 12440, 5820]",", running shoes and other",running shoes,footwear,['footwear'],[3174],janitors are a type of,running shoes are a type of
", physical therapists and other",physical therapists,profession,"['people', 'professionals', 'workers']","[952, 12440, 5820]",", colonels and other",colonels,soldier,"['officers', 'soldiers', 'military']","[6251, 9647, 4668]",physical therapists are a type of,colonels are a type of
", football and other",football,sport,['sports'],[9001],", centuries and other",centuries,time,"['time', 'units']","[673, 5085]",football is a type of,centuries are a type of
", basketball and other",basketball,sport,['sports'],[9001],", chiefs and other",chiefs,soldier,"['officers', 'soldiers', 'military']","[6251, 9647, 4668]",basketball is a type of,chiefs are a type of
", soccer and other",soccer,sport,['sports'],[9001],", cooks and other",cooks,profession,"['people', 'professionals', 'workers']","[952, 12440, 5820]",soccer is a type of,cooks are a type of
", baseball and other",baseball,sport,['sports'],[9001],", trailers and other",trailers,home,"['housing', 'residential', 'structures']","[8039, 16252, 5289]",baseball is a type of,trailers are a type of
", tennis and other",tennis,sport,['sports'],[9001],", elephants and other",elephants,animal,['animals'],[5074],tennis is a type of,elephants are a type of
", hockey and other",hockey,sport,['sports'],[9001],", centimeters and other",centimeters,distance,"['units', 'measurement', 'measurements', 'distance', 'distances']","[5085, 6814, 6341, 4181, 13849]",hockey is a type of,centimeters are a type of
", golf and other",golf,sport,['sports'],[9001],", drums and other",drums,instrument,"['musical', 'instruments']","[12256, 13225]",golf is a type of,drums are a type of
", volleyball and other",volleyball,sport,['sports'],[9001],", typhoons and other",typhoons,weather,"['weather', 'natural']","[8588, 3626]",volleyball is a type of,typhoons are a type of
", lacrosse and other",lacrosse,sport,['sports'],[9001],", police officers and other",police officers,profession,"['people', 'professionals', 'workers']","[952, 12440, 5820]",lacrosse is a type of,police officers are a type of
", rugby and other",rugby,sport,['sports'],[9001],", spinach and other",spinach,vegetable,"['vegetables', 'vegetable']","[15737, 21436]",rugby is a type of,spinach is a type of
", softball and other",softball,sport,['sports'],[9001],", drug use and other",drug use,crime,"['crimes', 'crime']","[12137, 6617]",softball is a type of,drug use is a type of
", field hockey and other",field hockey,sport,['sports'],[9001],", limes and other",limes,fruit,"['fruits', 'fruit']","[18098, 9279]",field hockey is a type of,limes are a type of
", gymnastics and other",gymnastics,sport,['sports'],[9001],", second cousins and other",second cousins,relative,"['relatives', 'family']","[17772, 2021]",gymnastics is a type of,second cousins are a type of
", racquetball and other",racquetball,sport,['sports'],[9001],", South africa and other",South africa,country,"['countries', 'country']","[4343, 2586]",racquetball is a type of,South africa is a type of
", wrestling and other",wrestling,sport,['sports'],[9001],", bankers and other",bankers,profession,"['people', 'professionals', 'workers']","[952, 12440, 5820]",wrestling is a type of,bankers are a type of
", bowling and other",bowling,sport,['sports'],[9001],", yards and other",yards,distance,"['units', 'measurement', 'measurements', 'distance', 'distances']","[5085, 6814, 6341, 4181, 13849]",bowling is a type of,yards are a type of
", cricket and other",cricket,sport,['sports'],[9001],", thunder and other",thunder,weather,"['weather', 'natural']","[8588, 3626]",cricket is a type of,thunder is a type of
", hurricanes and other",hurricanes,weather,"['weather', 'natural']","[8588, 3626]",", harps and other",harps,instrument,"['musical', 'instruments']","[12256, 13225]",hurricanes are a type of,harps are a type of
", earthquakes and other",earthquakes,weather,"['weather', 'natural']","[8588, 3626]",", drums and other",drums,instrument,"['musical', 'instruments']","[12256, 13225]",earthquakes are a type of,drums are a type of
", typhoons and other",typhoons,weather,"['weather', 'natural']","[8588, 3626]",", strawberries and other",strawberries,fruit,"['fruits', 'fruit']","[18098, 9279]",typhoons are a type of,strawberries are a type of
", shorts and other",shorts,clothing,"['clothing', 'clothes', 'garments']","[14234, 10015, 42179]",", cabinets and other",cabinets,furniture,['furniture'],[17076],shorts are a type of,cabinets are a type of
", jackets and other",jackets,clothing,"['clothing', 'clothes', 'garments']","[14234, 10015, 42179]",", redwoods and other",redwoods,tree,['trees'],[7139],jackets are a type of,redwoods are a type of
", skirts and other",skirts,clothing,"['clothing', 'clothes', 'garments']","[14234, 10015, 42179]",", officers and other",officers,soldier,"['officers', 'soldiers', 'military']","[6251, 9647, 4668]",skirts are a type of,officers are a type of
", jeanss and other",jeanss,clothing,"['clothing', 'clothes', 'garments']","[14234, 10015, 42179]",", spears and other",spears,weapon,"['weapons', 'weapon', 'weaponry']","[8914, 10485, 10485]",jeanss are a type of,spears are a type of
", sweatshirts and other",sweatshirts,clothing,"['clothing', 'clothes', 'garments']","[14234, 10015, 42179]",", tornados and other",tornados,weather,"['weather', 'natural']","[8588, 3626]",sweatshirts are a type of,tornados are a type of
", drums and other",drums,instrument,"['musical', 'instruments']","[12256, 13225]",", cooks and other",cooks,profession,"['people', 'professionals', 'workers']","[952, 12440, 5820]",drums are a type of,cooks are a type of
", guitars and other",guitars,instrument,"['musical', 'instruments']","[12256, 13225]",", fathers and other",fathers,relative,"['relatives', 'family']","[17772, 2021]",guitars are a type of,fathers are a type of
", flutes and other",flutes,instrument,"['musical', 'instruments']","[12256, 13225]",", mangoes and other",mangoes,fruit,"['fruits', 'fruit']","[18098, 9279]",flutes are a type of,mangoes are a type of
", pianoes and other",pianoes,instrument,"['musical', 'instruments']","[12256, 13225]",", accountants and other",accountants,profession,"['people', 'professionals', 'workers']","[952, 12440, 5820]",pianoes are a type of,accountants are a type of
", saxophones and other",saxophones,instrument,"['musical', 'instruments']","[12256, 13225]",", grasshoppers and other",grasshoppers,bug,"['insects', 'insect', 'bugs']","[22392, 13188, 19775]",saxophones are a type of,grasshoppers are a type of
", bass guitars and other",bass guitars,instrument,"['musical', 'instruments']","[12256, 13225]",", sweatshirts and other",sweatshirts,clothing,"['clothing', 'clothes', 'garments']","[14234, 10015, 42179]",bass guitars are a type of,sweatshirts are a type of
", basses and other",basses,instrument,"['musical', 'instruments']","[12256, 13225]",", privates and other",privates,soldier,"['officers', 'soldiers', 'military']","[6251, 9647, 4668]",basses are a type of,privates are a type of
", cents and other",cents,money,"['currency', 'money', 'currencies']","[14731, 2583, 39105]",", mothers and other",mothers,relative,"['relatives', 'family']","[17772, 2021]",cents are a type of,mothers are a type of
", pesoes and other",pesoes,money,"['currency', 'money', 'currencies']","[14731, 2583, 39105]",", cheerleading and other",cheerleading,sport,['sports'],[9001],pesoes are a type of,cheerleading is a type of
", francs and other",francs,money,"['currency', 'money', 'currencies']","[14731, 2583, 39105]",", rubies and other",rubies,gem,"['gem', 'gems']","[16915, 42776]",francs are a type of,rubies are a type of
", rubles and other",rubles,money,"['currency', 'money', 'currencies']","[14731, 2583, 39105]",", polo and other",polo,sport,['sports'],[9001],rubles are a type of,polo is a type of
", rupees and other",rupees,money,"['currency', 'money', 'currencies']","[14731, 2583, 39105]",", flamingoes and other",flamingoes,bird,"['birds', 'bird']","[11260, 12621]",rupees are a type of,flamingoes are a type of
", eagles and other",eagles,bird,"['birds', 'bird']","[11260, 12621]",", sneakers and other",sneakers,footwear,['footwear'],[3174],eagles are a type of,sneakers are a type of
", bluebirds and other",bluebirds,bird,"['birds', 'bird']","[11260, 12621]",", slippers and other",slippers,footwear,['footwear'],[3174],bluebirds are a type of,slippers are a type of
", crows and other",crows,bird,"['birds', 'bird']","[11260, 12621]",", sleet and other",sleet,weather,"['weather', 'natural']","[8588, 3626]",crows are a type of,sleet is a type of
", hummingbirds and other",hummingbirds,bird,"['birds', 'bird']","[11260, 12621]",", nanoseconds and other",nanoseconds,time,"['time', 'units']","[673, 5085]",hummingbirds are a type of,nanoseconds are a type of
", parrots and other",parrots,bird,"['birds', 'bird']","[11260, 12621]",", sleet and other",sleet,weather,"['weather', 'natural']","[8588, 3626]",parrots are a type of,sleet is a type of
", pigeons and other",pigeons,bird,"['birds', 'bird']","[11260, 12621]",", liras and other",liras,money,"['currency', 'money', 'currencies']","[14731, 2583, 39105]",pigeons are a type of,liras are a type of
", falcons and other",falcons,bird,"['birds', 'bird']","[11260, 12621]",", feets and other",feets,distance,"['units', 'measurement', 'measurements', 'distance', 'distances']","[5085, 6814, 6341, 4181, 13849]",falcons are a type of,feets are a type of
", mockingbirds and other",mockingbirds,bird,"['birds', 'bird']","[11260, 12621]",", pianoes and other",pianoes,instrument,"['musical', 'instruments']","[12256, 13225]",mockingbirds are a type of,pianoes are a type of
", blackbirds and other",blackbirds,bird,"['birds', 'bird']","[11260, 12621]",", sandals and other",sandals,footwear,['footwear'],[3174],blackbirds are a type of,sandals are a type of
", cars and other",cars,vehicle,"['vehicles', 'transportation', 'transport']","[9411, 13120, 4616]",", shoes and other",shoes,clothing,"['clothing', 'clothes', 'garments']","[14234, 10015, 42179]",cars are a type of,shoes are a type of
", trucks and other",trucks,vehicle,"['vehicles', 'transportation', 'transport']","[9411, 13120, 4616]",", salmon and other",salmon,fish,"['fish', 'fishes']","[6773, 49720]",trucks are a type of,salmon are a type of
", planes and other",planes,vehicle,"['vehicles', 'transportation', 'transport']","[9411, 13120, 4616]",", beds and other",beds,furniture,['furniture'],[17076],planes are a type of,beds are a type of
", trains and other",trains,vehicle,"['vehicles', 'transportation', 'transport']","[9411, 13120, 4616]",", grapes and other",grapes,fruit,"['fruits', 'fruit']","[18098, 9279]",trains are a type of,grapes are a type of
", bicycles and other",bicycles,vehicle,"['vehicles', 'transportation', 'transport']","[9411, 13120, 4616]",", pesoes and other",pesoes,money,"['currency', 'money', 'currencies']","[14731, 2583, 39105]",bicycles are a type of,pesoes are a type of
", vans and other",vans,vehicle,"['vehicles', 'transportation', 'transport']","[9411, 13120, 4616]",", swordfish and other",swordfish,fish,"['fish', 'fishes']","[6773, 49720]",vans are a type of,swordfish are a type of
", motorcycles and other",motorcycles,vehicle,"['vehicles', 'transportation', 'transport']","[9411, 13120, 4616]",", hip hop and other",hip hop,music,['music'],[3440],motorcycles are a type of,hip hop is a type of
", SUVs and other",SUVs,vehicle,"['vehicles', 'transportation', 'transport']","[9411, 13120, 4616]",", drunk driving and other",drunk driving,crime,"['crimes', 'crime']","[12137, 6617]",SUVs are a type of,drunk driving is a type of
", cabs and other",cabs,vehicle,"['vehicles', 'transportation', 'transport']","[9411, 13120, 4616]",", opals and other",opals,gem,"['gem', 'gems']","[16915, 42776]",cabs are a type of,opals are a type of
", carrots and other",carrots,vegetable,"['vegetables', 'vegetable']","[15737, 21436]",", organs and other",organs,instrument,"['musical', 'instruments']","[12256, 13225]",carrots are a type of,organs are a type of
", lettuce and other",lettuce,vegetable,"['vegetables', 'vegetable']","[15737, 21436]",", pumps and other",pumps,footwear,['footwear'],[3174],lettuce is a type of,pumps are a type of
", broccoli and other",broccoli,vegetable,"['vegetables', 'vegetable']","[15737, 21436]",", ladybugs and other",ladybugs,bug,"['insects', 'insect', 'bugs']","[22392, 13188, 19775]",broccoli is a type of,ladybugs are a type of
", tomatoes and other",tomatoes,vegetable,"['vegetables', 'vegetable']","[15737, 21436]",", grapes and other",grapes,fruit,"['fruits', 'fruit']","[18098, 9279]",tomatoes are a type of,grapes are a type of
", cucumbers and other",cucumbers,vegetable,"['vegetables', 'vegetable']","[15737, 21436]",", praying mantis and other",praying mantis,bug,"['insects', 'insect', 'bugs']","[22392, 13188, 19775]",cucumbers are a type of,praying mantis are a type of
", peas and other",peas,vegetable,"['vegetables', 'vegetable']","[15737, 21436]",", lawyers and other",lawyers,profession,"['people', 'professionals', 'workers']","[952, 12440, 5820]",peas are a type of,lawyers are a type of
", potatoes and other",potatoes,vegetable,"['vegetables', 'vegetable']","[15737, 21436]",", rifles and other",rifles,weapon,"['weapons', 'weapon', 'weaponry']","[8914, 10485, 10485]",potatoes are a type of,rifles are a type of
", onions and other",onions,vegetable,"['vegetables', 'vegetable']","[15737, 21436]",", boots and other",boots,footwear,['footwear'],[3174],onions are a type of,boots are a type of
", green beans and other",green beans,vegetable,"['vegetables', 'vegetable']","[15737, 21436]",", policemen and other",policemen,profession,"['people', 'professionals', 'workers']","[952, 12440, 5820]",green beans are a type of,policemen are a type of
", spinach and other",spinach,vegetable,"['vegetables', 'vegetable']","[15737, 21436]",", rape and other",rape,crime,"['crimes', 'crime']","[12137, 6617]",spinach is a type of,rape is a type of
", cauliflower and other",cauliflower,vegetable,"['vegetables', 'vegetable']","[15737, 21436]",", flip flops and other",flip flops,footwear,['footwear'],[3174],cauliflower is a type of,flip flops are a type of
", asparagus and other",asparagus,vegetable,"['vegetables', 'vegetable']","[15737, 21436]",", kiwis and other",kiwis,fruit,"['fruits', 'fruit']","[18098, 9279]",asparagus are a type of,kiwis are a type of
", zucchini and other",zucchini,vegetable,"['vegetables', 'vegetable']","[15737, 21436]",", kiwis and other",kiwis,fruit,"['fruits', 'fruit']","[18098, 9279]",zucchini is a type of,kiwis are a type of
", hiking shoes and other",hiking shoes,footwear,['footwear'],[3174],", end tables and other",end tables,furniture,['furniture'],[17076],hiking shoes are a type of,end tables are a type of
", ants and other",ants,bug,"['insects', 'insect', 'bugs']","[22392, 13188, 19775]",", boots and other",boots,footwear,['footwear'],[3174],ants are a type of,boots are a type of
", spiders and other",spiders,bug,"['insects', 'insect', 'bugs']","[22392, 13188, 19775]",", representatives and other",representatives,politician,"['elected', 'politicians']","[10544, 13557]",spiders are a type of,representatives are a type of
", bees and other",bees,bug,"['insects', 'insect', 'bugs']","[22392, 13188, 19775]",", Afghanistan and other",Afghanistan,country,"['countries', 'country']","[4343, 2586]",bees are a type of,Afghanistan is a type of
", mosquitoes and other",mosquitoes,bug,"['insects', 'insect', 'bugs']","[22392, 13188, 19775]",", dollars and other",dollars,money,"['currency', 'money', 'currencies']","[14731, 2583, 39105]",mosquitoes are a type of,dollars are a type of
", beetles and other",beetles,bug,"['insects', 'insect', 'bugs']","[22392, 13188, 19775]",", gemstones and other",gemstones,gem,"['gem', 'gems']","[16915, 42776]",beetles are a type of,gemstones are a type of
", ladybugs and other",ladybugs,bug,"['insects', 'insect', 'bugs']","[22392, 13188, 19775]",", saws and other",saws,tool,['tools'],[5657],ladybugs are a type of,saws are a type of
", moths and other",moths,bug,"['insects', 'insect', 'bugs']","[22392, 13188, 19775]",", pianoes and other",pianoes,instrument,"['musical', 'instruments']","[12256, 13225]",moths are a type of,pianoes are a type of
", cockroaches and other",cockroaches,bug,"['insects', 'insect', 'bugs']","[22392, 13188, 19775]",", pineapples and other",pineapples,fruit,"['fruits', 'fruit']","[18098, 9279]",cockroaches are a type of,pineapples are a type of
", caterpillars and other",caterpillars,bug,"['insects', 'insect', 'bugs']","[22392, 13188, 19775]",", woodpeckers and other",woodpeckers,bird,"['birds', 'bird']","[11260, 12621]",caterpillars are a type of,woodpeckers are a type of
", centipedes and other",centipedes,bug,"['insects', 'insect', 'bugs']","[22392, 13188, 19775]",", nanoseconds and other",nanoseconds,time,"['time', 'units']","[673, 5085]",centipedes are a type of,nanoseconds are a type of
", crickets and other",crickets,bug,"['insects', 'insect', 'bugs']","[22392, 13188, 19775]",", oranges and other",oranges,fruit,"['fruits', 'fruit']","[18098, 9279]",crickets are a type of,oranges are a type of
", dragonflies and other",dragonflies,bug,"['insects', 'insect', 'bugs']","[22392, 13188, 19775]",", huts and other",huts,home,"['housing', 'residential', 'structures']","[8039, 16252, 5289]",dragonflies are a type of,huts are a type of
", roses and other",roses,flower,"['flowers', 'flowering']","[12405, 37958]",", lightning and other",lightning,weather,"['weather', 'natural']","[8588, 3626]",roses are a type of,lightning is a type of
", sailboats and other",sailboats,boat,"['boats', 'vessels', 'ships', 'boat']","[19750, 12671, 11811, 9735]",", spears and other",spears,weapon,"['weapons', 'weapon', 'weaponry']","[8914, 10485, 10485]",sailboats are a type of,spears are a type of
", speedboats and other",speedboats,boat,"['boats', 'vessels', 'ships', 'boat']","[19750, 12671, 11811, 9735]",", willows and other",willows,tree,['trees'],[7139],speedboats are a type of,willows are a type of
", rowboats and other",rowboats,boat,"['boats', 'vessels', 'ships', 'boat']","[19750, 12671, 11811, 9735]",", cadets and other",cadets,soldier,"['officers', 'soldiers', 'military']","[6251, 9647, 4668]",rowboats are a type of,cadets are a type of
", tugboats and other",tugboats,boat,"['boats', 'vessels', 'ships', 'boat']","[19750, 12671, 11811, 9735]",", hurricanes and other",hurricanes,weather,"['weather', 'natural']","[8588, 3626]",tugboats are a type of,hurricanes are a type of
", battleships and other",battleships,boat,"['boats', 'vessels', 'ships', 'boat']","[19750, 12671, 11811, 9735]",", turnips and other",turnips,vegetable,"['vegetables', 'vegetable']","[15737, 21436]",battleships are a type of,turnips are a type of
", paddleboats and other",paddleboats,boat,"['boats', 'vessels', 'ships', 'boat']","[19750, 12671, 11811, 9735]",", pearls and other",pearls,gem,"['gem', 'gems']","[16915, 42776]",paddleboats are a type of,pearls are a type of
", salmon and other",salmon,fish,"['fish', 'fishes']","[6773, 49720]",", wind and other",wind,weather,"['weather', 'natural']","[8588, 3626]",salmon are a type of,wind is a type of
", trout and other",trout,fish,"['fish', 'fishes']","[6773, 49720]",", lamps and other",lamps,furniture,['furniture'],[17076],trout are a type of,lamps are a type of
", goldfish and other",goldfish,fish,"['fish', 'fishes']","[6773, 49720]",", handguns and other",handguns,weapon,"['weapons', 'weapon', 'weaponry']","[8914, 10485, 10485]",goldfish are a type of,handguns are a type of
", catfish and other",catfish,fish,"['fish', 'fishes']","[6773, 49720]",", new age and other",new age,music,['music'],[3440],catfish are a type of,new age is a type of
", tuna and other",tuna,fish,"['fish', 'fishes']","[6773, 49720]",", drunk driving and other",drunk driving,crime,"['crimes', 'crime']","[12137, 6617]",tuna are a type of,drunk driving is a type of
", swordfish and other",swordfish,fish,"['fish', 'fishes']","[6773, 49720]",", butterflies and other",butterflies,bug,"['insects', 'insect', 'bugs']","[22392, 13188, 19775]",swordfish are a type of,butterflies are a type of
", blowfish and other",blowfish,fish,"['fish', 'fishes']","[6773, 49720]",", cherries and other",cherries,fruit,"['fruits', 'fruit']","[18098, 9279]",blowfish are a type of,cherries are a type of
